timestamp,container,cpu_pct,mem_used,mem_pct,net_io,block_io
2026-08-07T14:50:16.518894+00:00,dev-peer0.org3.example.com-sl-ledger_1.0-470c7b267d0276d2c935cc5d168e0b4ff003335940b5924ccd0e77bd5e94e579,0.00%,7.078MiB,0.35%,6.87kB / 5.05kB,0B / 0B
2026-08-07T14:50:16.518894+00:00,dev-peer0.org1.example.com-sl-ledger_1.0-470c7b267d0276d2c935cc5d168e0b4ff003335940b5924ccd0e77bd5e94e579,0.00%,6.531MiB,0.32%,12kB / 8.6kB,0B / 0B
2026-08-07T14:50:16.518894+00:00,dev-peer0.org2.example.com-sl-ledger_1.0-470c7b267d0276d2c935cc5d168e0b4ff003335940b5924ccd0e77bd5e94e579,0.00%,6.688MiB,0.33%,9.19kB / 7.26kB,0B / 0B
2026-08-07T14:50:16.518894+00:00,peer0.org3.example.com,1.72%,103.4MiB,0.88%,14.9MB / 1.27MB,0B / 14.2MB
2026-08-07T14:50:16.518894+00:00,couchdb4,0.62%,94.22MiB,0.80%,227kB / 97kB,0B / 1.48MB
2026-08-07T14:50:16.518894+00:00,ca_org3,0.00%,9.07MiB,0.08%,28.5kB / 45kB,65.5kB / 0B
2026-08-07T14:50:16.518894+00:00,peer0.org2.example.com,1.81%,84.14MiB,0.71%,15MB / 1.32MB,2.15MB / 14.2MB
2026-08-07T14:50:16.518894+00:00,peer0.org1.example.com,1.96%,86.42MiB,0.73%,15MB / 1.36MB,4.3MB / 24.7MB
2026-08-07T14:50:16.518894+00:00,couchdb1,0.19%,105.8MiB,0.90%,241kB / 116kB,17.1MB / 1.48MB
2026-08-07T14:50:16.518894+00:00,couchdb0,0.20%,99.79MiB,0.85%,244kB / 122kB,13.6MB / 1.48MB
2026-08-07T14:50:16.518894+00:00,orderer.example.com,0.09%,14.27MiB,0.12%,148kB / 728kB,27.2MB / 463kB
2026-08-07T14:50:16.518894+00:00,ca_org1,0.00%,9.129MiB,0.08%,33.3kB / 50kB,4.1kB / 0B
2026-08-07T14:50:16.518894+00:00,ca_org2,0.00%,9.195MiB,0.08%,30.8kB / 44.4kB,4.1kB / 0B
2026-08-07T14:50:16.518894+00:00,ca_orderer,0.00%,9.211MiB,0.08%,54.3kB / 86.6kB,426kB / 0B
2026-08-07T14:50:20.697902+00:00,dev-peer0.org3.example.com-sl-ledger_1.0-470c7b267d0276d2c935cc5d168e0b4ff003335940b5924ccd0e77bd5e94e579,0.00%,7.078MiB,0.35%,7kB / 5.18kB,0B / 0B
2026-08-07T14:50:20.697902+00:00,dev-peer0.org1.example.com-sl-ledger_1.0-470c7b267d0276d2c935cc5d168e0b4ff003335940b5924ccd0e77bd5e94e579,0.00%,6.531MiB,0.32%,12kB / 8.6kB,0B / 0B
2026-08-07T14:50:20.697902+00:00,dev-peer0.org2.example.com-sl-ledger_1.0-470c7b267d0276d2c935cc5d168e0b4ff003335940b5924ccd0e77bd5e94e579,0.00%,6.688MiB,0.33%,9.19kB / 7.26kB,0B / 0B
2026-08-07T14:50:20.697902+00:00,peer0.org3.example.com,1.92%,103.4MiB,0.88%,14.9MB / 1.28MB,0B / 14.2MB
2026-08-07T14:50:20.697902+00:00,couchdb4,0.20%,94.22MiB,0.80%,227kB / 97kB,0B / 1.48MB
2026-08-07T14:50:20.697902+00:00,ca_org3,0.00%,9.07MiB,0.08%,28.5kB / 45kB,65.5kB / 0B
2026-08-07T14:50:20.697902+00:00,peer0.org2.example.com,1.97%,84.14MiB,0.71%,15MB / 1.33MB,2.15MB / 14.2MB
2026-08-07T14:50:20.697902+00:00,peer0.org1.example.com,2.34%,86.18MiB,0.73%,15MB / 1.36MB,4.3MB / 24.7MB
2026-08-07T14:50:20.697902+00:00,couchdb1,0.31%,105.8MiB,0.90%,241kB / 116kB,17.1MB / 1.48MB
2026-08-07T14:50:20.697902+00:00,couchdb0,0.28%,99.79MiB,0.85%,244kB / 122kB,13.6MB / 1.48MB
2026-08-07T14:50:20.697902+00:00,orderer.example.com,0.12%,14.27MiB,0.12%,148kB / 729kB,27.2MB / 463kB
2026-08-07T14:50:20.697902+00:00,ca_org1,0.00%,9.129MiB,0.08%,33.3kB / 50kB,4.1kB / 0B
2026-08-07T14:50:20.697902+00:00,ca_org2,0.00%,9.195MiB,0.08%,30.8kB / 44.4kB,4.1kB / 0B
2026-08-07T14:50:20.697902+00:00,ca_orderer,0.00%,9.211MiB,0.08%,54.3kB / 86.6kB,426kB / 0B
2026-08-07T14:50:24.624183+00:00,dev-peer0.org3.example.com-sl-ledger_1.0-470c7b267d0276d2c935cc5d168e0b4ff003335940b5924ccd0e77bd5e94e579,0.00%,7.078MiB,0.35%,7kB / 5.18kB,0B / 0B
2026-08-07T14:50:24.624183+00:00,dev-peer0.org1.example.com-sl-ledger_1.0-470c7b267d0276d2c935cc5d168e0b4ff003335940b5924ccd0e77bd5e94e579,0.00%,6.531MiB,0.32%,12kB / 8.6kB,0B / 0B
2026-08-07T14:50:24.624183+00:00,dev-peer0.org2.example.com-sl-ledger_1.0-470c7b267d0276d2c935cc5d168e0b4ff003335940b5924ccd0e77bd5e94e579,0.00%,6.688MiB,0.33%,9.19kB / 7.26kB,0B / 0B
2026-08-07T14:50:24.624183+00:00,peer0.org3.example.com,1.96%,103.4MiB,0.88%,14.9MB / 1.29MB,0B / 14.2MB
2026-08-07T14:50:24.624183+00:00,couchdb4,0.21%,94.22MiB,0.80%,227kB / 97kB,0B / 1.48MB
2026-08-07T14:50:24.624183+00:00,ca_org3,0.00%,9.07MiB,0.08%,28.5kB / 45kB,65.5kB / 0B
2026-08-07T14:50:24.624183+00:00,peer0.org2.example.com,1.89%,81.45MiB,0.69%,15MB / 1.33MB,2.15MB / 14.2MB
2026-08-07T14:50:24.624183+00:00,peer0.org1.example.com,2.26%,86.18MiB,0.73%,15MB / 1.37MB,4.3MB / 24.7MB
2026-08-07T14:50:24.624183+00:00,couchdb1,0.24%,105.8MiB,0.90%,241kB / 116kB,17.1MB / 1.48MB
2026-08-07T14:50:24.624183+00:00,couchdb0,0.23%,99.8MiB,0.85%,244kB / 122kB,13.6MB / 1.48MB
2026-08-07T14:50:24.624183+00:00,orderer.example.com,0.09%,14.27MiB,0.12%,148kB / 729kB,27.2MB / 463kB
2026-08-07T14:50:24.624183+00:00,ca_org1,0.00%,9.129MiB,0.08%,33.3kB / 50kB,4.1kB / 0B
2026-08-07T14:50:24.624183+00:00,ca_org2,0.00%,9.195MiB,0.08%,30.8kB / 44.4kB,4.1kB / 0B
2026-08-07T14:50:24.624183+00:00,ca_orderer,0.00%,9.211MiB,0.08%,54.3kB / 86.6kB,426kB / 0B
2026-08-07T14:50:28.828641+00:00,dev-peer0.org3.example.com-sl-ledger_1.0-470c7b267d0276d2c935cc5d168e0b4ff003335940b5924ccd0e77bd5e94e579,0.00%,7.078MiB,0.35%,7kB / 5.18kB,0B / 0B
2026-08-07T14:50:28.828641+00:00,dev-peer0.org1.example.com-sl-ledger_1.0-470c7b267d0276d2c935cc5d168e0b4ff003335940b5924ccd0e77bd5e94e579,0.00%,6.531MiB,0.32%,12.2kB / 8.73kB,0B / 0B
2026-08-07T14:50:28.828641+00:00,dev-peer0.org2.example.com-sl-ledger_1.0-470c7b267d0276d2c935cc5d168e0b4ff003335940b5924ccd0e77bd5e94e579,0.00%,6.688MiB,0.33%,9.19kB / 7.26kB,0B / 0B
2026-08-07T14:50:28.828641+00:00,peer0.org3.example.com,2.39%,103.4MiB,0.88%,14.9MB / 1.3MB,0B / 14.2MB
2026-08-07T14:50:28.828641+00:00,couchdb4,0.32%,94.22MiB,0.80%,227kB / 97kB,0B / 1.48MB
2026-08-07T14:50:28.828641+00:00,ca_org3,0.00%,9.07MiB,0.08%,28.5kB / 45kB,65.5kB / 0B
2026-08-07T14:50:28.828641+00:00,peer0.org2.example.com,2.15%,81.23MiB,0.69%,15MB / 1.34MB,2.15MB / 14.2MB
2026-08-07T14:50:28.828641+00:00,peer0.org1.example.com,2.13%,86.18MiB,0.73%,15MB / 1.38MB,4.3MB / 24.7MB
2026-08-07T14:50:28.828641+00:00,couchdb1,1.21%,105.8MiB,0.90%,241kB / 116kB,17.1MB / 1.48MB
2026-08-07T14:50:28.828641+00:00,couchdb0,1.04%,99.8MiB,0.85%,244kB / 122kB,13.6MB / 1.48MB
2026-08-07T14:50:28.828641+00:00,orderer.example.com,0.06%,14.27MiB,0.12%,148kB / 729kB,27.2MB / 463kB
2026-08-07T14:50:28.828641+00:00,ca_org1,0.00%,9.129MiB,0.08%,33.3kB / 50kB,4.1kB / 0B
2026-08-07T14:50:28.828641+00:00,ca_org2,0.00%,9.195MiB,0.08%,30.8kB / 44.4kB,4.1kB / 0B
2026-08-07T14:50:28.828641+00:00,ca_orderer,0.00%,9.211MiB,0.08%,54.3kB / 86.6kB,426kB / 0B
2026-08-07T14:50:33.042384+00:00,dev-peer0.org3.example.com-sl-ledger_1.0-470c7b267d0276d2c935cc5d168e0b4ff003335940b5924ccd0e77bd5e94e579,0.00%,7.203MiB,0.35%,7.1kB / 5.35kB,0B / 0B
2026-08-07T14:50:33.042384+00:00,dev-peer0.org1.example.com-sl-ledger_1.0-470c7b267d0276d2c935cc5d168e0b4ff003335940b5924ccd0e77bd5e94e579,0.00%,6.531MiB,0.32%,12.2kB / 8.73kB,0B / 0B
2026-08-07T14:50:33.042384+00:00,dev-peer0.org2.example.com-sl-ledger_1.0-470c7b267d0276d2c935cc5d168e0b4ff003335940b5924ccd0e77bd5e94e579,0.00%,6.688MiB,0.33%,9.3kB / 7.43kB,0B / 0B
2026-08-07T14:50:33.042384+00:00,peer0.org3.example.com,2.58%,103.7MiB,0.88%,14.9MB / 1.31MB,0B / 14.2MB
2026-08-07T14:50:33.042384+00:00,couchdb4,0.50%,94.22MiB,0.80%,227kB / 97kB,0B / 1.48MB
2026-08-07T14:50:33.042384+00:00,ca_org3,0.00%,9.07MiB,0.08%,28.5kB / 45kB,65.5kB / 0B
2026-08-07T14:50:33.042384+00:00,peer0.org2.example.com,2.18%,81.24MiB,0.69%,15MB / 1.35MB,2.15MB / 14.2MB
2026-08-07T14:50:33.042384+00:00,peer0.org1.example.com,2.27%,86.18MiB,0.73%,15MB / 1.39MB,4.3MB / 24.7MB
2026-08-07T14:50:33.042384+00:00,couchdb1,0.54%,105.8MiB,0.90%,241kB / 116kB,17.1MB / 1.48MB
2026-08-07T14:50:33.042384+00:00,couchdb0,0.59%,99.79MiB,0.85%,244kB / 122kB,13.6MB / 1.48MB
2026-08-07T14:50:33.042384+00:00,orderer.example.com,0.22%,14.27MiB,0.12%,149kB / 729kB,27.2MB / 463kB
2026-08-07T14:50:33.042384+00:00,ca_org1,0.00%,9.129MiB,0.08%,33.3kB / 50kB,4.1kB / 0B
2026-08-07T14:50:33.042384+00:00,ca_org2,0.00%,9.195MiB,0.08%,30.8kB / 44.4kB,4.1kB / 0B
2026-08-07T14:50:33.042384+00:00,ca_orderer,0.00%,9.211MiB,0.08%,54.3kB / 86.6kB,426kB / 0B
2026-08-07T14:50:37.243729+00:00,dev-peer0.org3.example.com-sl-ledger_1.0-470c7b267d0276d2c935cc5d168e0b4ff003335940b5924ccd0e77bd5e94e579,0.00%,7.203MiB,0.35%,7.19kB / 5.43kB,0B / 0B
2026-08-07T14:50:37.243729+00:00,dev-peer0.org1.example.com-sl-ledger_1.0-470c7b267d0276d2c935cc5d168e0b4ff003335940b5924ccd0e77bd5e94e579,0.00%,6.531MiB,0.32%,12.2kB / 8.73kB,0B / 0B
2026-08-07T14:50:37.243729+00:00,dev-peer0.org2.example.com-sl-ledger_1.0-470c7b267d0276d2c935cc5d168e0b4ff003335940b5924ccd0e77bd5e94e579,0.00%,6.688MiB,0.33%,9.38kB / 7.51kB,0B / 0B
2026-08-07T14:50:37.243729+00:00,peer0.org3.example.com,2.22%,103.7MiB,0.88%,14.9MB / 1.31MB,0B / 14.2MB
2026-08-07T14:50:37.243729+00:00,couchdb4,0.31%,94.22MiB,0.80%,227kB / 97kB,0B / 1.48MB
2026-08-07T14:50:37.243729+00:00,ca_org3,0.00%,9.07MiB,0.08%,28.5kB / 45kB,65.5kB / 0B
2026-08-07T14:50:37.243729+00:00,peer0.org2.example.com,2.14%,81.48MiB,0.69%,15MB / 1.36MB,2.15MB / 14.2MB
2026-08-07T14:50:37.243729+00:00,peer0.org1.example.com,2.11%,86.18MiB,0.73%,15MB / 1.4MB,4.3MB / 24.7MB
2026-08-07T14:50:37.243729+00:00,couchdb1,0.24%,105.8MiB,0.90%,241kB / 116kB,17.1MB / 1.48MB
2026-08-07T14:50:37.243729+00:00,couchdb0,0.27%,99.79MiB,0.85%,244kB / 122kB,13.6MB / 1.48MB
2026-08-07T14:50:37.243729+00:00,orderer.example.com,0.13%,14.27MiB,0.12%,149kB / 729kB,27.2MB / 463kB
2026-08-07T14:50:37.243729+00:00,ca_org1,0.00%,9.129MiB,0.08%,33.3kB / 50kB,4.1kB / 0B
2026-08-07T14:50:37.243729+00:00,ca_org2,0.00%,9.195MiB,0.08%,30.8kB / 44.4kB,4.1kB / 0B
2026-08-07T14:50:37.243729+00:00,ca_orderer,0.00%,9.211MiB,0.08%,54.3kB / 86.6kB,426kB / 0B
2026-08-07T14:50:41.464044+00:00,dev-peer0.org3.example.com-sl-ledger_1.0-470c7b267d0276d2c935cc5d168e0b4ff003335940b5924ccd0e77bd5e94e579,0.00%,7.203MiB,0.35%,7.19kB / 5.43kB,0B / 0B
2026-08-07T14:50:41.464044+00:00,dev-peer0.org1.example.com-sl-ledger_1.0-470c7b267d0276d2c935cc5d168e0b4ff003335940b5924ccd0e77bd5e94e579,0.00%,6.531MiB,0.32%,12.3kB / 8.9kB,0B / 0B
2026-08-07T14:50:41.464044+00:00,dev-peer0.org2.example.com-sl-ledger_1.0-470c7b267d0276d2c935cc5d168e0b4ff003335940b5924ccd0e77bd5e94e579,0.00%,6.688MiB,0.33%,9.38kB / 7.51kB,0B / 0B
2026-08-07T14:50:41.464044+00:00,peer0.org3.example.com,2.38%,103.8MiB,0.88%,14.9MB / 1.32MB,0B / 14.2MB
2026-08-07T14:50:41.464044+00:00,couchdb4,0.51%,94.22MiB,0.80%,227kB / 97kB,0B / 1.48MB
2026-08-07T14:50:41.464044+00:00,ca_org3,0.00%,9.07MiB,0.08%,28.5kB / 45kB,65.5kB / 0B
2026-08-07T14:50:41.464044+00:00,peer0.org2.example.com,2.35%,81.23MiB,0.69%,15MB / 1.36MB,2.15MB / 14.2MB
2026-08-07T14:50:41.464044+00:00,peer0.org1.example.com,2.37%,86.19MiB,0.73%,15MB / 1.4MB,4.3MB / 24.7MB
2026-08-07T14:50:41.464044+00:00,couchdb1,0.34%,105.8MiB,0.90%,241kB / 116kB,17.1MB / 1.48MB
2026-08-07T14:50:41.464044+00:00,couchdb0,0.22%,99.79MiB,0.85%,244kB / 122kB,13.6MB / 1.48MB
2026-08-07T14:50:41.464044+00:00,orderer.example.com,0.05%,14.27MiB,0.12%,149kB / 729kB,27.2MB / 463kB
2026-08-07T14:50:41.464044+00:00,ca_org1,0.00%,9.129MiB,0.08%,33.3kB / 50kB,4.1kB / 0B
2026-08-07T14:50:41.464044+00:00,ca_org2,0.00%,9.195MiB,0.08%,30.8kB / 44.4kB,4.1kB / 0B
2026-08-07T14:50:41.464044+00:00,ca_orderer,0.00%,9.211MiB,0.08%,54.3kB / 86.6kB,426kB / 0B
2026-08-07T14:50:45.715671+00:00,dev-peer0.org3.example.com-sl-ledger_1.0-470c7b267d0276d2c935cc5d168e0b4ff003335940b5924ccd0e77bd5e94e579,0.27%,6.668MiB,0.33%,12.9kB / 8.7kB,0B / 0B
2026-08-07T14:50:45.715671+00:00,dev-peer0.org1.example.com-sl-ledger_1.0-470c7b267d0276d2c935cc5d168e0b4ff003335940b5924ccd0e77bd5e94e579,0.61%,6.746MiB,0.33%,20.9kB / 13.5kB,0B / 0B
2026-08-07T14:50:45.715671+00:00,dev-peer0.org2.example.com-sl-ledger_1.0-470c7b267d0276d2c935cc5d168e0b4ff003335940b5924ccd0e77bd5e94e579,0.27%,6.758MiB,0.33%,14.8kB / 10.4kB,0B / 0B
2026-08-07T14:50:45.715671+00:00,peer0.org3.example.com,4.59%,103.8MiB,0.88%,15MB / 1.36MB,0B / 14.3MB
2026-08-07T14:50:45.715671+00:00,couchdb4,5.01%,94.24MiB,0.80%,230kB / 99.8kB,0B / 1.5MB
2026-08-07T14:50:45.715671+00:00,ca_org3,0.00%,9.07MiB,0.08%,28.5kB / 45kB,65.5kB / 0B
2026-08-07T14:50:45.715671+00:00,peer0.org2.example.com,4.68%,81.27MiB,0.69%,15.1MB / 1.4MB,2.15MB / 14.3MB
2026-08-07T14:50:45.715671+00:00,peer0.org1.example.com,2.28%,86.23MiB,0.73%,15MB / 1.42MB,4.3MB / 24.7MB
2026-08-07T14:50:45.715671+00:00,couchdb1,4.62%,105.8MiB,0.90%,244kB / 119kB,17.1MB / 1.5MB
2026-08-07T14:50:45.715671+00:00,couchdb0,4.62%,99.81MiB,0.85%,248kB / 126kB,13.6MB / 1.5MB
2026-08-07T14:50:45.715671+00:00,orderer.example.com,0.97%,14.42MiB,0.12%,167kB / 759kB,27.2MB / 487kB
2026-08-07T14:50:45.715671+00:00,ca_org1,0.00%,9.129MiB,0.08%,33.3kB / 50kB,4.1kB / 0B
2026-08-07T14:50:45.715671+00:00,ca_org2,0.00%,9.195MiB,0.08%,30.8kB / 44.4kB,4.1kB / 0B
2026-08-07T14:50:45.715671+00:00,ca_orderer,0.00%,9.211MiB,0.08%,54.3kB / 86.6kB,426kB / 0B
2026-08-07T14:50:49.907539+00:00,dev-peer0.org3.example.com-sl-ledger_1.0-470c7b267d0276d2c935cc5d168e0b4ff003335940b5924ccd0e77bd5e94e579,0.00%,6.719MiB,0.33%,15.7kB / 10.2kB,0B / 0B
2026-08-07T14:50:49.907539+00:00,dev-peer0.org1.example.com-sl-ledger_1.0-470c7b267d0276d2c935cc5d168e0b4ff003335940b5924ccd0e77bd5e94e579,0.00%,6.82MiB,0.33%,23.7kB / 14.9kB,0B / 0B
2026-08-07T14:50:49.907539+00:00,dev-peer0.org2.example.com-sl-ledger_1.0-470c7b267d0276d2c935cc5d168e0b4ff003335940b5924ccd0e77bd5e94e579,0.00%,6.922MiB,0.34%,20.8kB / 13.6kB,0B / 0B
2026-08-07T14:50:49.907539+00:00,peer0.org3.example.com,2.36%,103.8MiB,0.88%,15MB / 1.38MB,0B / 14.3MB
2026-08-07T14:50:49.907539+00:00,couchdb4,0.13%,94.25MiB,0.80%,232kB / 102kB,0B / 1.53MB
2026-08-07T14:50:49.907539+00:00,ca_org3,0.00%,9.07MiB,0.08%,28.5kB / 45kB,65.5kB / 0B
2026-08-07T14:50:49.907539+00:00,peer0.org2.example.com,5.23%,81.26MiB,0.69%,15.1MB / 1.43MB,2.15MB / 14.3MB
2026-08-07T14:50:49.907539+00:00,peer0.org1.example.com,2.12%,86.24MiB,0.73%,15.1MB / 1.48MB,4.3MB / 24.8MB
2026-08-07T14:50:49.907539+00:00,couchdb1,0.20%,105.8MiB,0.90%,247kB / 123kB,17.1MB / 1.53MB
2026-08-07T14:50:49.907539+00:00,couchdb0,0.20%,99.82MiB,0.85%,250kB / 128kB,13.6MB / 1.53MB
2026-08-07T14:50:49.907539+00:00,orderer.example.com,0.10%,14.57MiB,0.12%,177kB / 785kB,27.2MB / 516kB
2026-08-07T14:50:49.907539+00:00,ca_org1,0.00%,9.129MiB,0.08%,33.3kB / 50kB,4.1kB / 0B
2026-08-07T14:50:49.907539+00:00,ca_org2,0.00%,9.195MiB,0.08%,30.8kB / 44.4kB,4.1kB / 0B
2026-08-07T14:50:49.907539+00:00,ca_orderer,0.00%,9.211MiB,0.08%,54.3kB / 86.6kB,426kB / 0B
2026-08-07T14:50:54.138511+00:00,dev-peer0.org3.example.com-sl-ledger_1.0-470c7b267d0276d2c935cc5d168e0b4ff003335940b5924ccd0e77bd5e94e579,0.23%,6.809MiB,0.33%,24.2kB / 14.5kB,0B / 0B
2026-08-07T14:50:54.138511+00:00,dev-peer0.org1.example.com-sl-ledger_1.0-470c7b267d0276d2c935cc5d168e0b4ff003335940b5924ccd0e77bd5e94e579,0.57%,7.242MiB,0.35%,28.8kB / 17.4kB,0B / 0B
2026-08-07T14:50:54.138511+00:00,dev-peer0.org2.example.com-sl-ledger_1.0-470c7b267d0276d2c935cc5d168e0b4ff003335940b5924ccd0e77bd5e94e579,0.64%,7.199MiB,0.35%,26.1kB / 16.2kB,0B / 0B
2026-08-07T14:50:54.138511+00:00,peer0.org3.example.com,3.29%,103.8MiB,0.88%,15.1MB / 1.44MB,0B / 14.3MB
2026-08-07T14:50:54.138511+00:00,couchdb4,2.69%,94.27MiB,0.80%,237kB / 108kB,0B / 1.58MB
2026-08-07T14:50:54.138511+00:00,ca_org3,0.00%,9.07MiB,0.08%,28.5kB / 45kB,65.5kB / 0B
2026-08-07T14:50:54.138511+00:00,peer0.org2.example.com,3.25%,81.53MiB,0.69%,15.1MB / 1.48MB,2.15MB / 14.3MB
2026-08-07T14:50:54.138511+00:00,peer0.org1.example.com,8.63%,86.27MiB,0.73%,15.2MB / 1.51MB,4.3MB / 24.8MB
2026-08-07T14:50:54.138511+00:00,couchdb1,2.90%,105.8MiB,0.90%,251kB / 127kB,17.1MB / 1.58MB
2026-08-07T14:50:54.138511+00:00,couchdb0,2.26%,99.84MiB,0.85%,254kB / 133kB,13.6MB / 1.58MB
2026-08-07T14:50:54.138511+00:00,orderer.example.com,0.66%,15.04MiB,0.13%,196kB / 837kB,27.2MB / 565kB
2026-08-07T14:50:54.138511+00:00,ca_org1,0.00%,9.129MiB,0.08%,33.3kB / 50kB,4.1kB / 0B
2026-08-07T14:50:54.138511+00:00,ca_org2,0.00%,9.195MiB,0.08%,30.8kB / 44.4kB,4.1kB / 0B
2026-08-07T14:50:54.138511+00:00,ca_orderer,0.00%,9.211MiB,0.08%,54.3kB / 86.6kB,426kB / 0B
2026-08-07T14:50:58.323263+00:00,dev-peer0.org3.example.com-sl-ledger_1.0-470c7b267d0276d2c935cc5d168e0b4ff003335940b5924ccd0e77bd5e94e579,0.00%,6.824MiB,0.33%,27kB / 15.9kB,0B / 0B
2026-08-07T14:50:58.323263+00:00,dev-peer0.org1.example.com-sl-ledger_1.0-470c7b267d0276d2c935cc5d168e0b4ff003335940b5924ccd0e77bd5e94e579,0.00%,7.305MiB,0.36%,34.6kB / 20.6kB,0B / 0B
2026-08-07T14:50:58.323263+00:00,dev-peer0.org2.example.com-sl-ledger_1.0-470c7b267d0276d2c935cc5d168e0b4ff003335940b5924ccd0e77bd5e94e579,0.00%,7.195MiB,0.35%,28.9kB / 17.7kB,0B / 0B
2026-08-07T14:50:58.323263+00:00,peer0.org3.example.com,2.34%,104.1MiB,0.88%,15.1MB / 1.46MB,0B / 14.4MB
2026-08-07T14:50:58.323263+00:00,couchdb4,0.15%,94.29MiB,0.80%,239kB / 111kB,0B / 1.6MB
2026-08-07T14:50:58.323263+00:00,ca_org3,0.00%,9.07MiB,0.08%,28.5kB / 45kB,65.5kB / 0B
2026-08-07T14:50:58.323263+00:00,peer0.org2.example.com,2.10%,81.32MiB,0.69%,15.2MB / 1.5MB,2.15MB / 14.4MB
2026-08-07T14:50:58.323263+00:00,peer0.org1.example.com,2.02%,86.29MiB,0.73%,15.2MB / 1.55MB,4.3MB / 24.8MB
2026-08-07T14:50:58.323263+00:00,couchdb1,0.16%,105.8MiB,0.90%,253kB / 129kB,17.1MB / 1.6MB
2026-08-07T14:50:58.323263+00:00,couchdb0,0.18%,99.85MiB,0.85%,257kB / 136kB,13.6MB / 1.6MB
2026-08-07T14:50:58.323263+00:00,orderer.example.com,0.12%,14.9MiB,0.13%,206kB / 863kB,27.2MB / 590kB
2026-08-07T14:50:58.323263+00:00,ca_org1,0.00%,9.129MiB,0.08%,33.3kB / 50kB,4.1kB / 0B
2026-08-07T14:50:58.323263+00:00,ca_org2,0.00%,9.195MiB,0.08%,30.8kB / 44.4kB,4.1kB / 0B
2026-08-07T14:50:58.323263+00:00,ca_orderer,0.00%,9.211MiB,0.08%,54.3kB / 86.6kB,426kB / 0B
2026-08-07T14:51:02.543995+00:00,dev-peer0.org3.example.com-sl-ledger_1.0-470c7b267d0276d2c935cc5d168e0b4ff003335940b5924ccd0e77bd5e94e579,0.48%,6.898MiB,0.34%,35.6kB / 20.4kB,0B / 0B
2026-08-07T14:51:02.543995+00:00,dev-peer0.org1.example.com-sl-ledger_1.0-470c7b267d0276d2c935cc5d168e0b4ff003335940b5924ccd0e77bd5e94e579,0.17%,7.316MiB,0.36%,39.8kB / 23.2kB,0B / 0B
2026-08-07T14:51:02.543995+00:00,dev-peer0.org2.example.com-sl-ledger_1.0-470c7b267d0276d2c935cc5d168e0b4ff003335940b5924ccd0e77bd5e94e579,0.19%,7.223MiB,0.35%,37.4kB / 22.1kB,0B / 0B
2026-08-07T14:51:02.543995+00:00,peer0.org3.example.com,4.52%,104.1MiB,0.88%,15.2MB / 1.51MB,0B / 14.4MB
2026-08-07T14:51:02.543995+00:00,couchdb4,3.70%,94.3MiB,0.80%,244kB / 117kB,0B / 1.65MB
2026-08-07T14:51:02.543995+00:00,ca_org3,0.00%,9.07MiB,0.08%,28.5kB / 45kB,65.5kB / 0B
2026-08-07T14:51:02.543995+00:00,peer0.org2.example.com,3.76%,81.36MiB,0.69%,15.2MB / 1.55MB,2.15MB / 14.4MB
2026-08-07T14:51:02.543995+00:00,peer0.org1.example.com,4.23%,86.3MiB,0.73%,15.2MB / 1.59MB,4.3MB / 24.9MB
2026-08-07T14:51:02.543995+00:00,couchdb1,2.66%,105.9MiB,0.90%,258kB / 135kB,17.1MB / 1.65MB
2026-08-07T14:51:02.543995+00:00,couchdb0,2.63%,99.87MiB,0.85%,261kB / 140kB,13.6MB / 1.65MB
2026-08-07T14:51:02.543995+00:00,orderer.example.com,0.99%,15.55MiB,0.13%,226kB / 916kB,27.2MB / 643kB
2026-08-07T14:51:02.543995+00:00,ca_org1,0.00%,9.129MiB,0.08%,33.3kB / 50kB,4.1kB / 0B
2026-08-07T14:51:02.543995+00:00,ca_org2,0.00%,9.195MiB,0.08%,30.8kB / 44.4kB,4.1kB / 0B
2026-08-07T14:51:02.543995+00:00,ca_orderer,0.00%,9.211MiB,0.08%,54.3kB / 86.6kB,426kB / 0B
2026-08-07T14:51:06.685927+00:00,dev-peer0.org3.example.com-sl-ledger_1.0-470c7b267d0276d2c935cc5d168e0b4ff003335940b5924ccd0e77bd5e94e579,0.00%,6.945MiB,0.34%,38.4kB / 21.8kB,0B / 0B
2026-08-07T14:51:06.685927+00:00,dev-peer0.org1.example.com-sl-ledger_1.0-470c7b267d0276d2c935cc5d168e0b4ff003335940b5924ccd0e77bd5e94e579,0.00%,7.324MiB,0.36%,42.6kB / 24.7kB,0B / 0B
2026-08-07T14:51:06.685927+00:00,dev-peer0.org2.example.com-sl-ledger_1.0-470c7b267d0276d2c935cc5d168e0b4ff003335940b5924ccd0e77bd5e94e579,0.00%,7.238MiB,0.35%,40.2kB / 23.6kB,0B / 0B
2026-08-07T14:51:06.685927+00:00,peer0.org3.example.com,1.85%,103.9MiB,0.88%,15.2MB / 1.54MB,0B / 14.4MB
2026-08-07T14:51:06.685927+00:00,couchdb4,0.26%,94.31MiB,0.80%,247kB / 119kB,0B / 1.68MB
2026-08-07T14:51:06.685927+00:00,ca_org3,0.00%,9.07MiB,0.08%,28.5kB / 45kB,65.5kB / 0B
2026-08-07T14:51:06.685927+00:00,peer0.org2.example.com,1.90%,81.37MiB,0.69%,15.3MB / 1.58MB,2.15MB / 14.4MB
2026-08-07T14:51:06.685927+00:00,peer0.org1.example.com,1.76%,86.34MiB,0.73%,15.3MB / 1.62MB,4.3MB / 24.9MB
2026-08-07T14:51:06.685927+00:00,couchdb1,0.20%,105.9MiB,0.90%,260kB / 137kB,17.1MB / 1.68MB
2026-08-07T14:51:06.685927+00:00,couchdb0,0.21%,99.88MiB,0.85%,264kB / 143kB,13.6MB / 1.68MB
2026-08-07T14:51:06.685927+00:00,orderer.example.com,0.15%,15.78MiB,0.13%,236kB / 942kB,27.2MB / 664kB
2026-08-07T14:51:06.685927+00:00,ca_org1,0.00%,9.066MiB,0.08%,33.3kB / 50kB,4.1kB / 0B
2026-08-07T14:51:06.685927+00:00,ca_org2,0.00%,9.195MiB,0.08%,30.8kB / 44.4kB,4.1kB / 0B
2026-08-07T14:51:06.685927+00:00,ca_orderer,0.00%,9.211MiB,0.08%,54.3kB / 86.6kB,426kB / 0B
2026-08-07T14:51:10.879434+00:00,dev-peer0.org3.example.com-sl-ledger_1.0-470c7b267d0276d2c935cc5d168e0b4ff003335940b5924ccd0e77bd5e94e579,0.00%,6.98MiB,0.34%,41.2kB / 23.4kB,0B / 0B
2026-08-07T14:51:10.879434+00:00,dev-peer0.org1.example.com-sl-ledger_1.0-470c7b267d0276d2c935cc5d168e0b4ff003335940b5924ccd0e77bd5e94e579,0.00%,7.352MiB,0.36%,48.3kB / 27.8kB,0B / 0B
2026-08-07T14:51:10.879434+00:00,dev-peer0.org2.example.com-sl-ledger_1.0-470c7b267d0276d2c935cc5d168e0b4ff003335940b5924ccd0e77bd5e94e579,0.30%,8.039MiB,0.39%,46.2kB / 26.9kB,0B / 0B
2026-08-07T14:51:10.879434+00:00,peer0.org3.example.com,2.73%,103.9MiB,0.88%,15.2MB / 1.57MB,0B / 14.5MB
2026-08-07T14:51:10.879434+00:00,couchdb4,2.65%,94.33MiB,0.80%,251kB / 124kB,0B / 1.72MB
2026-08-07T14:51:10.879434+00:00,ca_org3,0.00%,9.07MiB,0.08%,28.5kB / 45kB,65.5kB / 0B
2026-08-07T14:51:10.879434+00:00,peer0.org2.example.com,3.84%,81.38MiB,0.69%,15.3MB / 1.62MB,2.15MB / 14.5MB
2026-08-07T14:51:10.879434+00:00,peer0.org1.example.com,2.94%,86.32MiB,0.73%,15.3MB / 1.66MB,4.3MB / 24.9MB
2026-08-07T14:51:10.879434+00:00,couchdb1,3.21%,105.9MiB,0.90%,265kB / 143kB,17.1MB / 1.72MB
2026-08-07T14:51:10.879434+00:00,couchdb0,2.55%,99.89MiB,0.85%,269kB / 148kB,13.6MB / 1.72MB
2026-08-07T14:51:10.879434+00:00,orderer.example.com,0.63%,16.11MiB,0.14%,246kB / 990kB,27.2MB / 717kB
2026-08-07T14:51:10.879434+00:00,ca_org1,0.00%,9.066MiB,0.08%,33.3kB / 50kB,4.1kB / 0B
2026-08-07T14:51:10.879434+00:00,ca_org2,0.00%,9.195MiB,0.08%,30.8kB / 44.4kB,4.1kB / 0B
2026-08-07T14:51:10.879434+00:00,ca_orderer,0.01%,9.211MiB,0.08%,54.3kB / 86.6kB,426kB / 0B
2026-08-07T14:51:14.682572+00:00,dev-peer0.org3.example.com-sl-ledger_1.0-470c7b267d0276d2c935cc5d168e0b4ff003335940b5924ccd0e77bd5e94e579,0.00%,7.055MiB,0.34%,49.8kB / 27.8kB,0B / 0B
2026-08-07T14:51:14.682572+00:00,dev-peer0.org1.example.com-sl-ledger_1.0-470c7b267d0276d2c935cc5d168e0b4ff003335940b5924ccd0e77bd5e94e579,0.00%,7.398MiB,0.36%,53.5kB / 30.3kB,0B / 0B
2026-08-07T14:51:14.682572+00:00,dev-peer0.org2.example.com-sl-ledger_1.0-470c7b267d0276d2c935cc5d168e0b4ff003335940b5924ccd0e77bd5e94e579,0.00%,7.32MiB,0.36%,51.5kB / 29.5kB,0B / 0B
2026-08-07T14:51:14.682572+00:00,peer0.org3.example.com,2.34%,104.2MiB,0.88%,15.3MB / 1.61MB,0B / 14.5MB
2026-08-07T14:51:14.682572+00:00,couchdb4,0.20%,94.35MiB,0.80%,254kB / 128kB,0B / 1.75MB
2026-08-07T14:51:14.682572+00:00,ca_org3,0.00%,9.07MiB,0.08%,28.5kB / 45kB,65.5kB / 0B
2026-08-07T14:51:14.682572+00:00,peer0.org2.example.com,2.35%,81.58MiB,0.69%,15.3MB / 1.65MB,2.15MB / 14.5MB
2026-08-07T14:51:14.682572+00:00,peer0.org1.example.com,2.28%,86.36MiB,0.73%,15.4MB / 1.69MB,4.3MB / 25MB
2026-08-07T14:51:14.682572+00:00,couchdb1,0.36%,105.9MiB,0.90%,268kB / 146kB,17.1MB / 1.75MB
2026-08-07T14:51:14.682572+00:00,couchdb0,0.41%,99.9MiB,0.85%,271kB / 151kB,13.6MB / 1.75MB
2026-08-07T14:51:14.682572+00:00,orderer.example.com,0.14%,16.5MiB,0.14%,265kB / 1.02MB,27.2MB / 745kB
2026-08-07T14:51:14.682572+00:00,ca_org1,0.00%,9.066MiB,0.08%,33.3kB / 50kB,4.1kB / 0B
2026-08-07T14:51:14.682572+00:00,ca_org2,0.00%,9.195MiB,0.08%,30.8kB / 44.4kB,4.1kB / 0B
2026-08-07T14:51:14.682572+00:00,ca_orderer,0.00%,9.211MiB,0.08%,54.3kB / 86.6kB,426kB / 0B
2026-08-07T14:51:18.888443+00:00,dev-peer0.org3.example.com-sl-ledger_1.0-470c7b267d0276d2c935cc5d168e0b4ff003335940b5924ccd0e77bd5e94e579,0.00%,7.086MiB,0.35%,52.6kB / 29.3kB,0B / 0B
2026-08-07T14:51:18.888443+00:00,dev-peer0.org1.example.com-sl-ledger_1.0-470c7b267d0276d2c935cc5d168e0b4ff003335940b5924ccd0e77bd5e94e579,0.27%,7.449MiB,0.36%,59.4kB / 33.5kB,0B / 0B
2026-08-07T14:51:18.888443+00:00,dev-peer0.org2.example.com-sl-ledger_1.0-470c7b267d0276d2c935cc5d168e0b4ff003335940b5924ccd0e77bd5e94e579,0.00%,7.352MiB,0.36%,54.3kB / 31kB,0B / 0B
2026-08-07T14:51:18.888443+00:00,peer0.org3.example.com,2.60%,104MiB,0.88%,15.3MB / 1.64MB,0B / 14.5MB
2026-08-07T14:51:18.888443+00:00,couchdb4,0.16%,94.36MiB,0.80%,256kB / 130kB,0B / 1.77MB
2026-08-07T14:51:18.888443+00:00,ca_org3,0.00%,9.07MiB,0.08%,28.5kB / 45kB,65.5kB / 0B
2026-08-07T14:51:18.888443+00:00,peer0.org2.example.com,4.03%,83.69MiB,0.71%,15.4MB / 1.68MB,2.15MB / 14.6MB
2026-08-07T14:51:18.888443+00:00,peer0.org1.example.com,4.99%,86.87MiB,0.74%,15.4MB / 1.73MB,4.3MB / 25MB
2026-08-07T14:51:18.888443+00:00,couchdb1,4.92%,105.9MiB,0.90%,272kB / 150kB,17.1MB / 1.8MB
2026-08-07T14:51:18.888443+00:00,couchdb0,5.92%,99.93MiB,0.85%,276kB / 156kB,13.6MB / 1.8MB
2026-08-07T14:51:18.888443+00:00,orderer.example.com,0.83%,16.94MiB,0.14%,276kB / 1.07MB,27.2MB / 795kB
2026-08-07T14:51:18.888443+00:00,ca_org1,0.00%,9.066MiB,0.08%,33.3kB / 50kB,4.1kB / 0B
2026-08-07T14:51:18.888443+00:00,ca_org2,0.00%,9.195MiB,0.08%,30.8kB / 44.4kB,4.1kB / 0B
2026-08-07T14:51:18.888443+00:00,ca_orderer,0.00%,9.211MiB,0.08%,54.3kB / 86.6kB,426kB / 0B
2026-08-07T14:51:23.122208+00:00,dev-peer0.org3.example.com-sl-ledger_1.0-470c7b267d0276d2c935cc5d168e0b4ff003335940b5924ccd0e77bd5e94e579,0.00%,7.117MiB,0.35%,55.5kB / 30.9kB,0B / 0B
2026-08-07T14:51:23.122208+00:00,dev-peer0.org1.example.com-sl-ledger_1.0-470c7b267d0276d2c935cc5d168e0b4ff003335940b5924ccd0e77bd5e94e579,0.35%,7.52MiB,0.37%,65.2kB / 36.6kB,0B / 0B
2026-08-07T14:51:23.122208+00:00,dev-peer0.org2.example.com-sl-ledger_1.0-470c7b267d0276d2c935cc5d168e0b4ff003335940b5924ccd0e77bd5e94e579,0.19%,7.371MiB,0.36%,63.1kB / 35.8kB,0B / 0B
2026-08-07T14:51:23.122208+00:00,peer0.org3.example.com,2.73%,104MiB,0.88%,15.4MB / 1.68MB,0B / 14.6MB
2026-08-07T14:51:23.122208+00:00,couchdb4,0.44%,94.38MiB,0.80%,261kB / 135kB,0B / 1.82MB
2026-08-07T14:51:23.122208+00:00,ca_org3,0.00%,9.07MiB,0.08%,28.5kB / 45kB,65.5kB / 0B
2026-08-07T14:51:23.122208+00:00,peer0.org2.example.com,2.47%,86.54MiB,0.73%,15.4MB / 1.73MB,2.15MB / 14.6MB
2026-08-07T14:51:23.122208+00:00,peer0.org1.example.com,2.39%,86.39MiB,0.73%,15.5MB / 1.77MB,4.3MB / 25MB
2026-08-07T14:51:23.122208+00:00,couchdb1,0.44%,106MiB,0.90%,275kB / 154kB,17.1MB / 1.82MB
2026-08-07T14:51:23.122208+00:00,couchdb0,0.58%,99.95MiB,0.85%,279kB / 159kB,13.6MB / 1.82MB
2026-08-07T14:51:23.122208+00:00,orderer.example.com,0.49%,17.8MiB,0.15%,294kB / 1.1MB,27.2MB / 819kB
2026-08-07T14:51:23.122208+00:00,ca_org1,0.00%,9.066MiB,0.08%,33.3kB / 50kB,4.1kB / 0B
2026-08-07T14:51:23.122208+00:00,ca_org2,0.00%,9.195MiB,0.08%,30.8kB / 44.4kB,4.1kB / 0B
2026-08-07T14:51:23.122208+00:00,ca_orderer,0.00%,9.211MiB,0.08%,54.3kB / 86.6kB,426kB / 0B
2026-08-07T14:51:27.302964+00:00,dev-peer0.org3.example.com-sl-ledger_1.0-470c7b267d0276d2c935cc5d168e0b4ff003335940b5924ccd0e77bd5e94e579,0.00%,7.355MiB,0.36%,64.3kB / 35.5kB,0B / 0B
2026-08-07T14:51:27.302964+00:00,dev-peer0.org1.example.com-sl-ledger_1.0-470c7b267d0276d2c935cc5d168e0b4ff003335940b5924ccd0e77bd5e94e579,0.00%,7.52MiB,0.37%,67.6kB / 37.6kB,0B / 0B
2026-08-07T14:51:27.302964+00:00,dev-peer0.org2.example.com-sl-ledger_1.0-470c7b267d0276d2c935cc5d168e0b4ff003335940b5924ccd0e77bd5e94e579,0.00%,7.383MiB,0.36%,65.6kB / 37kB,0B / 0B
2026-08-07T14:51:27.302964+00:00,peer0.org3.example.com,3.20%,104.1MiB,0.88%,15.4MB / 1.72MB,0B / 14.6MB
2026-08-07T14:51:27.302964+00:00,couchdb4,2.55%,94.4MiB,0.80%,265kB / 141kB,0B / 1.87MB
2026-08-07T14:51:27.302964+00:00,ca_org3,0.00%,9.07MiB,0.08%,28.5kB / 45kB,65.5kB / 0B
2026-08-07T14:51:27.302964+00:00,peer0.org2.example.com,3.56%,86.8MiB,0.74%,15.5MB / 1.76MB,2.15MB / 14.6MB
2026-08-07T14:51:27.302964+00:00,peer0.org1.example.com,8.15%,86.74MiB,0.73%,15.5MB / 1.8MB,4.3MB / 25.1MB
2026-08-07T14:51:27.302964+00:00,couchdb1,2.44%,106MiB,0.90%,279kB / 158kB,17.1MB / 1.87MB
2026-08-07T14:51:27.302964+00:00,couchdb0,2.56%,99.96MiB,0.85%,283kB / 162kB,13.6MB / 1.87MB
2026-08-07T14:51:27.302964+00:00,orderer.example.com,0.46%,17.66MiB,0.15%,305kB / 1.15MB,27.2MB / 868kB
2026-08-07T14:51:27.302964+00:00,ca_org1,0.00%,9.066MiB,0.08%,33.3kB / 50kB,4.1kB / 0B
2026-08-07T14:51:27.302964+00:00,ca_org2,0.00%,9.195MiB,0.08%,30.8kB / 44.4kB,4.1kB / 0B
2026-08-07T14:51:27.302964+00:00,ca_orderer,0.00%,9.211MiB,0.08%,54.3kB / 86.6kB,426kB / 0B
2026-08-07T14:51:31.498555+00:00,dev-peer0.org3.example.com-sl-ledger_1.0-470c7b267d0276d2c935cc5d168e0b4ff003335940b5924ccd0e77bd5e94e579,0.00%,7.375MiB,0.36%,69.9kB / 38.5kB,0B / 0B
2026-08-07T14:51:31.498555+00:00,dev-peer0.org1.example.com-sl-ledger_1.0-470c7b267d0276d2c935cc5d168e0b4ff003335940b5924ccd0e77bd5e94e579,0.44%,7.574MiB,0.37%,76.2kB / 42.2kB,0B / 0B
2026-08-07T14:51:31.498555+00:00,dev-peer0.org2.example.com-sl-ledger_1.0-470c7b267d0276d2c935cc5d168e0b4ff003335940b5924ccd0e77bd5e94e579,0.27%,7.41MiB,0.36%,71.2kB / 40kB,0B / 0B
2026-08-07T14:51:31.498555+00:00,peer0.org3.example.com,3.26%,105.3MiB,0.89%,15.4MB / 1.76MB,0B / 14.7MB
2026-08-07T14:51:31.498555+00:00,couchdb4,0.48%,94.41MiB,0.80%,268kB / 144kB,0B / 1.9MB
2026-08-07T14:51:31.498555+00:00,ca_org3,0.00%,9.07MiB,0.08%,28.5kB / 45kB,65.5kB / 0B
2026-08-07T14:51:31.498555+00:00,peer0.org2.example.com,3.55%,87.5MiB,0.74%,15.5MB / 1.8MB,2.15MB / 14.7MB
2026-08-07T14:51:31.498555+00:00,peer0.org1.example.com,3.56%,86.94MiB,0.74%,15.5MB / 1.85MB,4.3MB / 25.1MB
2026-08-07T14:51:31.498555+00:00,couchdb1,0.23%,106MiB,0.90%,282kB / 161kB,17.1MB / 1.9MB
2026-08-07T14:51:31.498555+00:00,couchdb0,3.01%,99.96MiB,0.85%,286kB / 166kB,13.6MB / 1.9MB
2026-08-07T14:51:31.498555+00:00,orderer.example.com,0.07%,18.04MiB,0.15%,324kB / 1.18MB,27.2MB / 897kB
2026-08-07T14:51:31.498555+00:00,ca_org1,0.00%,9.066MiB,0.08%,33.3kB / 50kB,4.1kB / 0B
2026-08-07T14:51:31.498555+00:00,ca_org2,0.00%,9.195MiB,0.08%,30.8kB / 44.4kB,4.1kB / 0B
2026-08-07T14:51:31.498555+00:00,ca_orderer,0.00%,9.211MiB,0.08%,54.3kB / 86.6kB,426kB / 0B
2026-08-07T14:51:35.705969+00:00,dev-peer0.org3.example.com-sl-ledger_1.0-470c7b267d0276d2c935cc5d168e0b4ff003335940b5924ccd0e77bd5e94e579,0.00%,7.375MiB,0.36%,72.7kB / 40.1kB,0B / 0B
2026-08-07T14:51:35.705969+00:00,dev-peer0.org1.example.com-sl-ledger_1.0-470c7b267d0276d2c935cc5d168e0b4ff003335940b5924ccd0e77bd5e94e579,0.00%,7.609MiB,0.37%,79.1kB / 43.9kB,0B / 0B
2026-08-07T14:51:35.705969+00:00,dev-peer0.org2.example.com-sl-ledger_1.0-470c7b267d0276d2c935cc5d168e0b4ff003335940b5924ccd0e77bd5e94e579,0.00%,7.43MiB,0.36%,77kB / 43kB,0B / 0B
2026-08-07T14:51:35.705969+00:00,peer0.org3.example.com,7.05%,104.4MiB,0.88%,15.5MB / 1.8MB,0B / 14.7MB
2026-08-07T14:51:35.705969+00:00,couchdb4,4.10%,94.43MiB,0.80%,273kB / 150kB,0B / 1.95MB
2026-08-07T14:51:35.705969+00:00,ca_org3,0.00%,9.07MiB,0.08%,28.5kB / 45kB,65.5kB / 0B
2026-08-07T14:51:35.705969+00:00,peer0.org2.example.com,4.72%,90.02MiB,0.76%,15.6MB / 1.84MB,2.15MB / 14.7MB
2026-08-07T14:51:35.705969+00:00,peer0.org1.example.com,2.00%,86.44MiB,0.73%,15.6MB / 1.87MB,4.3MB / 25.1MB
2026-08-07T14:51:35.705969+00:00,couchdb1,2.81%,106MiB,0.90%,287kB / 167kB,17.1MB / 1.95MB
2026-08-07T14:51:35.705969+00:00,couchdb0,2.77%,99.99MiB,0.85%,290kB / 171kB,13.6MB / 1.95MB
2026-08-07T14:51:35.705969+00:00,orderer.example.com,0.58%,18.55MiB,0.16%,335kB / 1.23MB,27.2MB / 950kB
2026-08-07T14:51:35.705969+00:00,ca_org1,0.00%,9.066MiB,0.08%,33.3kB / 50kB,4.1kB / 0B
2026-08-07T14:51:35.705969+00:00,ca_org2,0.00%,9.195MiB,0.08%,30.8kB / 44.4kB,4.1kB / 0B
2026-08-07T14:51:35.705969+00:00,ca_orderer,0.00%,9.211MiB,0.08%,54.3kB / 86.6kB,426kB / 0B
2026-08-07T14:51:39.928812+00:00,dev-peer0.org3.example.com-sl-ledger_1.0-470c7b267d0276d2c935cc5d168e0b4ff003335940b5924ccd0e77bd5e94e579,0.00%,7.691MiB,0.38%,78.5kB / 42.9kB,0B / 0B
2026-08-07T14:51:39.928812+00:00,dev-peer0.org1.example.com-sl-ledger_1.0-470c7b267d0276d2c935cc5d168e0b4ff003335940b5924ccd0e77bd5e94e579,0.00%,7.641MiB,0.37%,81.5kB / 44.9kB,0B / 0B
2026-08-07T14:51:39.928812+00:00,dev-peer0.org2.example.com-sl-ledger_1.0-470c7b267d0276d2c935cc5d168e0b4ff003335940b5924ccd0e77bd5e94e579,0.00%,7.457MiB,0.36%,79.4kB / 43.9kB,0B / 0B
2026-08-07T14:51:39.928812+00:00,peer0.org3.example.com,3.14%,104.4MiB,0.88%,15.5MB / 1.83MB,0B / 14.7MB
2026-08-07T14:51:39.928812+00:00,couchdb4,0.14%,94.44MiB,0.80%,275kB / 152kB,0B / 1.97MB
2026-08-07T14:51:39.928812+00:00,ca_org3,0.00%,9.07MiB,0.08%,28.5kB / 45kB,65.5kB / 0B
2026-08-07T14:51:39.928812+00:00,peer0.org2.example.com,3.44%,91.23MiB,0.77%,15.6MB / 1.86MB,2.15MB / 14.7MB
2026-08-07T14:51:39.928812+00:00,peer0.org1.example.com,3.83%,88.48MiB,0.75%,15.6MB / 1.9MB,4.3MB / 25.2MB
2026-08-07T14:51:39.928812+00:00,couchdb1,0.22%,106MiB,0.90%,289kB / 168kB,17.1MB / 1.97MB
2026-08-07T14:51:39.928812+00:00,couchdb0,0.18%,100MiB,0.85%,292kB / 172kB,13.6MB / 1.97MB
2026-08-07T14:51:39.928812+00:00,orderer.example.com,0.06%,18.82MiB,0.16%,345kB / 1.25MB,27.2MB / 971kB
2026-08-07T14:51:39.928812+00:00,ca_org1,0.00%,9.066MiB,0.08%,33.3kB / 50kB,4.1kB / 0B
2026-08-07T14:51:39.928812+00:00,ca_org2,0.00%,9.195MiB,0.08%,30.8kB / 44.4kB,4.1kB / 0B
2026-08-07T14:51:39.928812+00:00,ca_orderer,0.00%,9.211MiB,0.08%,54.3kB / 86.6kB,426kB / 0B
2026-08-07T14:51:44.129497+00:00,dev-peer0.org3.example.com-sl-ledger_1.0-470c7b267d0276d2c935cc5d168e0b4ff003335940b5924ccd0e77bd5e94e579,0.00%,7.691MiB,0.38%,78.5kB / 42.9kB,0B / 0B
2026-08-07T14:51:44.129497+00:00,dev-peer0.org1.example.com-sl-ledger_1.0-470c7b267d0276d2c935cc5d168e0b4ff003335940b5924ccd0e77bd5e94e579,0.00%,7.641MiB,0.37%,81.5kB / 44.9kB,0B / 0B
2026-08-07T14:51:44.129497+00:00,dev-peer0.org2.example.com-sl-ledger_1.0-470c7b267d0276d2c935cc5d168e0b4ff003335940b5924ccd0e77bd5e94e579,0.00%,7.457MiB,0.36%,79.4kB / 43.9kB,0B / 0B
2026-08-07T14:51:44.129497+00:00,peer0.org3.example.com,2.81%,104.8MiB,0.89%,15.5MB / 1.84MB,0B / 14.7MB
2026-08-07T14:51:44.129497+00:00,couchdb4,0.16%,94.44MiB,0.80%,275kB / 152kB,0B / 1.97MB
2026-08-07T14:51:44.129497+00:00,ca_org3,0.00%,9.07MiB,0.08%,28.5kB / 45kB,65.5kB / 0B
2026-08-07T14:51:44.129497+00:00,peer0.org2.example.com,6.30%,92.3MiB,0.78%,15.6MB / 1.87MB,2.15MB / 14.7MB
2026-08-07T14:51:44.129497+00:00,peer0.org1.example.com,2.86%,89.29MiB,0.76%,15.6MB / 1.91MB,4.3MB / 25.2MB
2026-08-07T14:51:44.129497+00:00,couchdb1,0.38%,106MiB,0.90%,289kB / 168kB,17.1MB / 1.97MB
2026-08-07T14:51:44.129497+00:00,couchdb0,0.38%,99.99MiB,0.85%,292kB / 172kB,13.6MB / 1.97MB
2026-08-07T14:51:44.129497+00:00,orderer.example.com,0.09%,18.83MiB,0.16%,345kB / 1.25MB,27.2MB / 971kB
2026-08-07T14:51:44.129497+00:00,ca_org1,0.00%,9.066MiB,0.08%,33.3kB / 50kB,4.1kB / 0B
2026-08-07T14:51:44.129497+00:00,ca_org2,0.00%,9.195MiB,0.08%,30.8kB / 44.4kB,4.1kB / 0B
2026-08-07T14:51:44.129497+00:00,ca_orderer,0.00%,9.211MiB,0.08%,54.3kB / 86.6kB,426kB / 0B
2026-08-07T14:51:48.420524+00:00,dev-peer0.org3.example.com-sl-ledger_1.0-470c7b267d0276d2c935cc5d168e0b4ff003335940b5924ccd0e77bd5e94e579,0.00%,7.691MiB,0.38%,78.5kB / 42.9kB,0B / 0B
2026-08-07T14:51:48.420524+00:00,dev-peer0.org1.example.com-sl-ledger_1.0-470c7b267d0276d2c935cc5d168e0b4ff003335940b5924ccd0e77bd5e94e579,0.00%,7.641MiB,0.37%,81.5kB / 44.9kB,0B / 0B
2026-08-07T14:51:48.420524+00:00,dev-peer0.org2.example.com-sl-ledger_1.0-470c7b267d0276d2c935cc5d168e0b4ff003335940b5924ccd0e77bd5e94e579,0.00%,7.457MiB,0.36%,79.4kB / 43.9kB,0B / 0B
2026-08-07T14:51:48.420524+00:00,peer0.org3.example.com,1.56%,104.6MiB,0.89%,15.5MB / 1.85MB,0B / 14.7MB
2026-08-07T14:51:48.420524+00:00,couchdb4,0.16%,94.44MiB,0.80%,275kB / 152kB,0B / 1.97MB
2026-08-07T14:51:48.420524+00:00,ca_org3,0.00%,9.07MiB,0.08%,28.5kB / 45kB,65.5kB / 0B
2026-08-07T14:51:48.420524+00:00,peer0.org2.example.com,1.93%,91.86MiB,0.78%,15.6MB / 1.88MB,2.15MB / 14.7MB
2026-08-07T14:51:48.420524+00:00,peer0.org1.example.com,1.99%,90MiB,0.76%,15.6MB / 1.92MB,4.3MB / 25.2MB
2026-08-07T14:51:48.420524+00:00,couchdb1,0.21%,106MiB,0.90%,289kB / 168kB,17.1MB / 1.97MB
2026-08-07T14:51:48.420524+00:00,couchdb0,0.20%,99.99MiB,0.85%,292kB / 172kB,13.6MB / 1.97MB
2026-08-07T14:51:48.420524+00:00,orderer.example.com,0.07%,18.84MiB,0.16%,345kB / 1.25MB,27.2MB / 971kB
2026-08-07T14:51:48.420524+00:00,ca_org1,0.00%,9.066MiB,0.08%,33.3kB / 50kB,4.1kB / 0B
2026-08-07T14:51:48.420524+00:00,ca_org2,0.00%,9.195MiB,0.08%,30.8kB / 44.4kB,4.1kB / 0B
2026-08-07T14:51:48.420524+00:00,ca_orderer,0.00%,9.211MiB,0.08%,54.3kB / 86.6kB,426kB / 0B
